"IndicatorId","IndicatorName","IndicatorCode","FileName","Quarter","Numerator","Denominator","Rate","DataQuality"
"1","門診注射劑使用率","3127","1_門診注射劑使用率(3127).cql","2024Q1","1575","11493","58","Good"
"1","門診注射劑使用率","3127","1_門診注射劑使用率(3127).cql","2024Q2","4536","45831","41","Good"
"1","門診注射劑使用率","3127","1_門診注射劑使用率(3127).cql","2024Q3","3471","37957","52","Good"
"1","門診注射劑使用率","3127","1_門診注射劑使用率(3127).cql","2024Q4","2402","58510","55","Good"
"1","門診注射劑使用率","3127","1_門診注射劑使用率(3127).cql","2025Q1","3135","55377","37","Good"
"1","門診注射劑使用率","3127","1_門診注射劑使用率(3127).cql","2025Q2","3149","58268","48","Good"
"1","門診注射劑使用率","3127","1_門診注射劑使用率(3127).cql","2025Q3","3392","46918","52","Good"
"1","門診注射劑使用率","3127","1_門診注射劑使用率(3127).cql","2025Q4","5327","26297","37","Good"
"2","住院案件出院後三日以內急診率","108.01","10_住院案件出院後三日以內急診率(108.01).cql","2024Q1","5040","23382","37","Good"
"2","住院案件出院後三日以內急診率","108.01","10_住院案件出院後三日以內急診率(108.01).cql","2024Q2","3319","39575","57","Good"
"2","住院案件出院後三日以內急診率","108.01","10_住院案件出院後三日以內急診率(108.01).cql","2024Q3","5882","31970","40","Good"
"2","住院案件出院後三日以內急診率","108.01","10_住院案件出院後三日以內急診率(108.01).cql","2024Q4","3746","24654","56","Good"
"2","住院案件出院後三日以內急診率","108.01","10_住院案件出院後三日以內急診率(108.01).cql","2025Q1","5218","32328","37","Good"
"2","住院案件出院後三日以內急診率","108.01","10_住院案件出院後三日以內急診率(108.01).cql","2025Q2","4280","13903","63","Good"
"2","住院案件出院後三日以內急診率","108.01","10_住院案件出院後三日以內急診率(108.01).cql","2025Q3","1182","32250","35","Good"
"2","住院案件出院後三日以內急診率","108.01","10_住院案件出院後三日以內急診率(108.01).cql","2025Q4","3389","21381","44","Good"
"3","剖腹產率-整體","1136.01","11-1剖腹產率-整體(1136.01).cql","2024Q1","5037","50907","54","Good"
"3","剖腹產率-整體","1136.01","11-1剖腹產率-整體(1136.01).cql","2024Q2","3383","20216","64","Good"
"3","剖腹產率-整體","1136.01","11-1剖腹產率-整體(1136.01).cql","2024Q3","2305","49504","50","Good"
"3","剖腹產率-整體","1136.01","11-1剖腹產率-整體(1136.01).cql","2024Q4","4931","55002","52","Good"
"3","剖腹產率-整體","1136.01","11-1剖腹產率-整體(1136.01).cql","2025Q1","2902","21399","50","Good"
"3","剖腹產率-整體","1136.01","11-1剖腹產率-整體(1136.01).cql","2025Q2","5124","42003","45","Good"
"3","剖腹產率-整體","1136.01","11-1剖腹產率-整體(1136.01).cql","2025Q3","4753","17079","38","Good"
"3","剖腹產率-整體","1136.01","11-1剖腹產率-整體(1136.01).cql","2025Q4","2601","16185","56","Good"
"4","剖腹產率-自行要求","1137.01","11-2剖腹產率-自行要求(1137.01).cql","2024Q1","3259","59560","48","Good"
"4","剖腹產率-自行要求","1137.01","11-2剖腹產率-自行要求(1137.01).cql","2024Q2","3359","39500","51","Good"
"4","剖腹產率-自行要求","1137.01","11-2剖腹產率-自行要求(1137.01).cql","2024Q3","3409","36545","40","Good"
"4","剖腹產率-自行要求","1137.01","11-2剖腹產率-自行要求(1137.01).cql","2024Q4","4315","29608","51","Good"
"4","剖腹產率-自行要求","1137.01","11-2剖腹產率-自行要求(1137.01).cql","2025Q1","1650","56437","56","Good"
"4","剖腹產率-自行要求","1137.01","11-2剖腹產率-自行要求(1137.01).cql","2025Q2","1465","40746","52","Good"
"4","剖腹產率-自行要求","1137.01","11-2剖腹產率-自行要求(1137.01).cql","2025Q3","2657","58483","45","Good"
"4","剖腹產率-自行要求","1137.01","11-2剖腹產率-自行要求(1137.01).cql","2025Q4","5024","52460","59","Good"
"5","剖腹產率-具適應症","1138.01","11-3剖腹產率-具適應症(1138.01).cql","2024Q1","2657","22251","36","Good"
"5","剖腹產率-具適應症","1138.01","11-3剖腹產率-具適應症(1138.01).cql","2024Q2","5835","12147","44","Good"
"5","剖腹產率-具適應症","1138.01","11-3剖腹產率-具適應症(1138.01).cql","2024Q3","920","32520","50","Good"
"5","剖腹產率-具適應症","1138.01","11-3剖腹產率-具適應症(1138.01).cql","2024Q4","5837","26564","42","Good"
"5","剖腹產率-具適應症","1138.01","11-3剖腹產率-具適應症(1138.01).cql","2025Q1","5476","31216","57","Good"
"5","剖腹產率-具適應症","1138.01","11-3剖腹產率-具適應症(1138.01).cql","2025Q2","1763","43404","38","Good"
"5","剖腹產率-具適應症","1138.01","11-3剖腹產率-具適應症(1138.01).cql","2025Q3","1292","35981","54","Good"
"5","剖腹產率-具適應症","1138.01","11-3剖腹產率-具適應症(1138.01).cql","2025Q4","3833","14133","43","Good"
"6","剖腹產率-初次具適應症","1075.01","11-4剖腹產率-初次具適應症(1075.01).cql","2024Q1","2617","42000","45","Good"
"6","剖腹產率-初次具適應症","1075.01","11-4剖腹產率-初次具適應症(1075.01).cql","2024Q2","5198","53154","54","Good"
"6","剖腹產率-初次具適應症","1075.01","11-4剖腹產率-初次具適應症(1075.01).cql","2024Q3","5987","47576","61","Good"
"6","剖腹產率-初次具適應症","1075.01","11-4剖腹產率-初次具適應症(1075.01).cql","2024Q4","1669","24937","41","Good"
"6","剖腹產率-初次具適應症","1075.01","11-4剖腹產率-初次具適應症(1075.01).cql","2025Q1","3365","49162","55","Good"
"6","剖腹產率-初次具適應症","1075.01","11-4剖腹產率-初次具適應症(1075.01).cql","2025Q2","4847","47251","58","Good"
"6","剖腹產率-初次具適應症","1075.01","11-4剖腹產率-初次具適應症(1075.01).cql","2025Q3","2165","31804","63","Good"
"6","剖腹產率-初次具適應症","1075.01","11-4剖腹產率-初次具適應症(1075.01).cql","2025Q4","5960","23920","38","Good"
"7","清淨手術術後使用抗生素超過三日比率","1155","12_清淨手術術後使用抗生素超過三日比率(1155).cql","2024Q1","4022","22445","54","Good"
"7","清淨手術術後使用抗生素超過三日比率","1155","12_清淨手術術後使用抗生素超過三日比率(1155).cql","2024Q2","4602","27151","59","Good"
"7","清淨手術術後使用抗生素超過三日比率","1155","12_清淨手術術後使用抗生素超過三日比率(1155).cql","2024Q3","2157","56104","42","Good"
"7","清淨手術術後使用抗生素超過三日比率","1155","12_清淨手術術後使用抗生素超過三日比率(1155).cql","2024Q4","4878","27412","62","Good"
"7","清淨手術術後使用抗生素超過三日比率","1155","12_清淨手術術後使用抗生素超過三日比率(1155).cql","2025Q1","2497","22213","48","Good"
"7","清淨手術術後使用抗生素超過三日比率","1155","12_清淨手術術後使用抗生素超過三日比率(1155).cql","2025Q2","2055","33301","54","Good"
"7","清淨手術術後使用抗生素超過三日比率","1155","12_清淨手術術後使用抗生素超過三日比率(1155).cql","2025Q3","2431","52215","46","Good"
"7","清淨手術術後使用抗生素超過三日比率","1155","12_清淨手術術後使用抗生素超過三日比率(1155).cql","2025Q4","3027","35998","36","Good"
"8","接受體外震波碎石術(ESWL)病人平均利用ESWL之次數","ESWL","13_接受體外震波碎石術(ESWL)病人平均利用ESWL之次數(20.01季 1804年).cql","2024Q1","1956","17635","50","Good"
"8","接受體外震波碎石術(ESWL)病人平均利用ESWL之次數","ESWL","13_接受體外震波碎石術(ESWL)病人平均利用ESWL之次數(20.01季 1804年).cql","2024Q2","5721","15377","37","Good"
"8","接受體外震波碎石術(ESWL)病人平均利用ESWL之次數","ESWL","13_接受體外震波碎石術(ESWL)病人平均利用ESWL之次數(20.01季 1804年).cql","2024Q3","895","58619","64","Good"
"8","接受體外震波碎石術(ESWL)病人平均利用ESWL之次數","ESWL","13_接受體外震波碎石術(ESWL)病人平均利用ESWL之次數(20.01季 1804年).cql","2024Q4","4814","37323","56","Good"
"8","接受體外震波碎石術(ESWL)病人平均利用ESWL之次數","ESWL","13_接受體外震波碎石術(ESWL)病人平均利用ESWL之次數(20.01季 1804年).cql","2025Q1","3162","29046","42","Good"
"8","接受體外震波碎石術(ESWL)病人平均利用ESWL之次數","ESWL","13_接受體外震波碎石術(ESWL)病人平均利用ESWL之次數(20.01季 1804年).cql","2025Q2","3015","21471","54","Good"
"8","接受體外震波碎石術(ESWL)病人平均利用ESWL之次數","ESWL","13_接受體外震波碎石術(ESWL)病人平均利用ESWL之次數(20.01季 1804年).cql","2025Q3","5489","21613","50","Good"
"8","接受體外震波碎石術(ESWL)病人平均利用ESWL之次數","ESWL","13_接受體外震波碎石術(ESWL)病人平均利用ESWL之次數(20.01季 1804年).cql","2025Q4","4264","41208","45","Good"
"9","子宮肌瘤手術出院後十四日以內因該手術相關診斷再住院率","473.01","14_子宮肌瘤手術出院後十四日以內因該手術相關診斷再住院率(473.01).cql","2024Q1","1751","59103","37","Good"
"9","子宮肌瘤手術出院後十四日以內因該手術相關診斷再住院率","473.01","14_子宮肌瘤手術出院後十四日以內因該手術相關診斷再住院率(473.01).cql","2024Q2","3223","10664","57","Good"
"9","子宮肌瘤手術出院後十四日以內因該手術相關診斷再住院率","473.01","14_子宮肌瘤手術出院後十四日以內因該手術相關診斷再住院率(473.01).cql","2024Q3","1310","42821","61","Good"
"9","子宮肌瘤手術出院後十四日以內因該手術相關診斷再住院率","473.01","14_子宮肌瘤手術出院後十四日以內因該手術相關診斷再住院率(473.01).cql","2024Q4","5701","28168","41","Good"
"9","子宮肌瘤手術出院後十四日以內因該手術相關診斷再住院率","473.01","14_子宮肌瘤手術出院後十四日以內因該手術相關診斷再住院率(473.01).cql","2025Q1","2187","40858","62","Good"
"9","子宮肌瘤手術出院後十四日以內因該手術相關診斷再住院率","473.01","14_子宮肌瘤手術出院後十四日以內因該手術相關診斷再住院率(473.01).cql","2025Q2","4584","47433","54","Good"
"9","子宮肌瘤手術出院後十四日以內因該手術相關診斷再住院率","473.01","14_子宮肌瘤手術出院後十四日以內因該手術相關診斷再住院率(473.01).cql","2025Q3","5674","59297","37","Good"
"9","子宮肌瘤手術出院後十四日以內因該手術相關診斷再住院率","473.01","14_子宮肌瘤手術出院後十四日以內因該手術相關診斷再住院率(473.01).cql","2025Q4","5225","56078","45","Good"
"10","_人工膝關節置換手術後九十日以內置換物深部感染率","353.01","15-1_人工膝關節置換手術後九十日以內置換物深部感染率(353.01).cql","2024Q1","5556","17073","58","Good"
"10","_人工膝關節置換手術後九十日以內置換物深部感染率","353.01","15-1_人工膝關節置換手術後九十日以內置換物深部感染率(353.01).cql","2024Q2","5705","46628","53","Good"
"10","_人工膝關節置換手術後九十日以內置換物深部感染率","353.01","15-1_人工膝關節置換手術後九十日以內置換物深部感染率(353.01).cql","2024Q3","4401","9363","42","Good"
"10","_人工膝關節置換手術後九十日以內置換物深部感染率","353.01","15-1_人工膝關節置換手術後九十日以內置換物深部感染率(353.01).cql","2024Q4","1709","26383","51","Good"
"10","_人工膝關節置換手術後九十日以內置換物深部感染率","353.01","15-1_人工膝關節置換手術後九十日以內置換物深部感染率(353.01).cql","2025Q1","3948","14164","61","Good"
"10","_人工膝關節置換手術後九十日以內置換物深部感染率","353.01","15-1_人工膝關節置換手術後九十日以內置換物深部感染率(353.01).cql","2025Q2","4545","55552","58","Good"
"10","_人工膝關節置換手術後九十日以內置換物深部感染率","353.01","15-1_人工膝關節置換手術後九十日以內置換物深部感染率(353.01).cql","2025Q3","903","58883","46","Good"
"10","_人工膝關節置換手術後九十日以內置換物深部感染率","353.01","15-1_人工膝關節置換手術後九十日以內置換物深部感染率(353.01).cql","2025Q4","1772","31828","47","Good"
"11","全人工膝關節置換手術後九十日以內置換物深部感染率","3249","15-2全人工膝關節置換手術後九十日以內置換物深部感染率(3249).cql","2024Q1","1989","40637","63","Good"
"11","全人工膝關節置換手術後九十日以內置換物深部感染率","3249","15-2全人工膝關節置換手術後九十日以內置換物深部感染率(3249).cql","2024Q2","3960","53832","47","Good"
"11","全人工膝關節置換手術後九十日以內置換物深部感染率","3249","15-2全人工膝關節置換手術後九十日以內置換物深部感染率(3249).cql","2024Q3","2258","36331","60","Good"
"11","全人工膝關節置換手術後九十日以內置換物深部感染率","3249","15-2全人工膝關節置換手術後九十日以內置換物深部感染率(3249).cql","2024Q4","1140","35340","40","Good"
"11","全人工膝關節置換手術後九十日以內置換物深部感染率","3249","15-2全人工膝關節置換手術後九十日以內置換物深部感染率(3249).cql","2025Q1","4829","58197","51","Good"
"11","全人工膝關節置換手術後九十日以內置換物深部感染率","3249","15-2全人工膝關節置換手術後九十日以內置換物深部感染率(3249).cql","2025Q2","5765","37076","40","Good"
"11","全人工膝關節置換手術後九十日以內置換物深部感染率","3249","15-2全人工膝關節置換手術後九十日以內置換物深部感染率(3249).cql","2025Q3","2324","45568","61","Good"
"11","全人工膝關節置換手術後九十日以內置換物深部感染率","3249","15-2全人工膝關節置換手術後九十日以內置換物深部感染率(3249).cql","2025Q4","3867","31045","45","Good"
"12","半人工膝關節置換手術後九十日以內置換物深部感染率","3250","15-3半人工膝關節置換手術後九十日以內置換物深部感染率(3250).cql","2024Q1","3287","57213","36","Good"
"12","半人工膝關節置換手術後九十日以內置換物深部感染率","3250","15-3半人工膝關節置換手術後九十日以內置換物深部感染率(3250).cql","2024Q2","5843","50800","53","Good"
"12","半人工膝關節置換手術後九十日以內置換物深部感染率","3250","15-3半人工膝關節置換手術後九十日以內置換物深部感染率(3250).cql","2024Q3","3128","34685","59","Good"
"12","半人工膝關節置換手術後九十日以內置換物深部感染率","3250","15-3半人工膝關節置換手術後九十日以內置換物深部感染率(3250).cql","2024Q4","5322","33366","37","Good"
"12","半人工膝關節置換手術後九十日以內置換物深部感染率","3250","15-3半人工膝關節置換手術後九十日以內置換物深部感染率(3250).cql","2025Q1","3486","14626","64","Good"
"12","半人工膝關節置換手術後九十日以內置換物深部感染率","3250","15-3半人工膝關節置換手術後九十日以內置換物深部感染率(3250).cql","2025Q2","4473","24354","56","Good"
"12","半人工膝關節置換手術後九十日以內置換物深部感染率","3250","15-3半人工膝關節置換手術後九十日以內置換物深部感染率(3250).cql","2025Q3","3101","49383","41","Good"
"12","半人工膝關節置換手術後九十日以內置換物深部感染率","3250","15-3半人工膝關節置換手術後九十日以內置換物深部感染率(3250).cql","2025Q4","1661","40057","38","Good"
"13","住院手術傷口感染率","1658季 1666年","16住院手術傷口感染率(1658季 1666年).cql","2024Q1","5437","17784","55","Good"
"13","住院手術傷口感染率","1658季 1666年","16住院手術傷口感染率(1658季 1666年).cql","2024Q2","2548","20031","39","Good"
"13","住院手術傷口感染率","1658季 1666年","16住院手術傷口感染率(1658季 1666年).cql","2024Q3","4164","16125","43","Good"
"13","住院手術傷口感染率","1658季 1666年","16住院手術傷口感染率(1658季 1666年).cql","2024Q4","5415","44307","46","Good"
"13","住院手術傷口感染率","1658季 1666年","16住院手術傷口感染率(1658季 1666年).cql","2025Q1","5993","48606","36","Good"
"13","住院手術傷口感染率","1658季 1666年","16住院手術傷口感染率(1658季 1666年).cql","2025Q2","3328","9664","37","Good"
"13","住院手術傷口感染率","1658季 1666年","16住院手術傷口感染率(1658季 1666年).cql","2025Q3","4506","30161","52","Good"
"13","住院手術傷口感染率","1658季 1666年","16住院手術傷口感染率(1658季 1666年).cql","2025Q4","5848","24974","45","Good"
"14","急性心肌梗塞死亡率","1662季 1668年","17急性心肌梗塞死亡率(1662季 1668年).cql","2024Q1","3698","8429","45","Good"
"14","急性心肌梗塞死亡率","1662季 1668年","17急性心肌梗塞死亡率(1662季 1668年).cql","2024Q2","3785","21358","44","Good"
"14","急性心肌梗塞死亡率","1662季 1668年","17急性心肌梗塞死亡率(1662季 1668年).cql","2024Q3","1947","15791","46","Good"
"14","急性心肌梗塞死亡率","1662季 1668年","17急性心肌梗塞死亡率(1662季 1668年).cql","2024Q4","2046","11591","50","Good"
"14","急性心肌梗塞死亡率","1662季 1668年","17急性心肌梗塞死亡率(1662季 1668年).cql","2025Q1","1784","36808","51","Good"
"14","急性心肌梗塞死亡率","1662季 1668年","17急性心肌梗塞死亡率(1662季 1668年).cql","2025Q2","4798","12011","60","Good"
"14","急性心肌梗塞死亡率","1662季 1668年","17急性心肌梗塞死亡率(1662季 1668年).cql","2025Q3","2529","43349","58","Good"
"14","急性心肌梗塞死亡率","1662季 1668年","17急性心肌梗塞死亡率(1662季 1668年).cql","2025Q4","1196","27031","42","Good"
"15","失智者使用安寧緩和服務使用率","2795季 2796年","18_失智者使用安寧緩和服務使用率(2795季 2796年).cql","2024Q1","4661","10314","46","Good"
"15","失智者使用安寧緩和服務使用率","2795季 2796年","18_失智者使用安寧緩和服務使用率(2795季 2796年).cql","2024Q2","5184","53578","64","Good"
"15","失智者使用安寧緩和服務使用率","2795季 2796年","18_失智者使用安寧緩和服務使用率(2795季 2796年).cql","2024Q3","2515","37119","53","Good"
"15","失智者使用安寧緩和服務使用率","2795季 2796年","18_失智者使用安寧緩和服務使用率(2795季 2796年).cql","2024Q4","815","13609","40","Good"
"15","失智者使用安寧緩和服務使用率","2795季 2796年","18_失智者使用安寧緩和服務使用率(2795季 2796年).cql","2025Q1","5250","58517","39","Good"
"15","失智者使用安寧緩和服務使用率","2795季 2796年","18_失智者使用安寧緩和服務使用率(2795季 2796年).cql","2025Q2","4767","11300","53","Good"
"15","失智者使用安寧緩和服務使用率","2795季 2796年","18_失智者使用安寧緩和服務使用率(2795季 2796年).cql","2025Q3","3624","59098","43","Good"
"15","失智者使用安寧緩和服務使用率","2795季 2796年","18_失智者使用安寧緩和服務使用率(2795季 2796年).cql","2025Q4","4182","50394","46","Good"
"16","清淨手術術後傷口感染率","2524季 2526年","19_清淨手術術後傷口感染率(2524季 2526年).cql","2024Q1","3201","28620","35","Good"
"16","清淨手術術後傷口感染率","2524季 2526年","19_清淨手術術後傷口感染率(2524季 2526年).cql","2024Q2","3336","37661","55","Good"
"16","清淨手術術後傷口感染率","2524季 2526年","19_清淨手術術後傷口感染率(2524季 2526年).cql","2024Q3","2141","17747","58","Good"
"16","清淨手術術後傷口感染率","2524季 2526年","19_清淨手術術後傷口感染率(2524季 2526年).cql","2024Q4","4994","53323","53","Good"
"16","清淨手術術後傷口感染率","2524季 2526年","19_清淨手術術後傷口感染率(2524季 2526年).cql","2025Q1","1076","45197","43","Good"
"16","清淨手術術後傷口感染率","2524季 2526年","19_清淨手術術後傷口感染率(2524季 2526年).cql","2025Q2","2341","16051","62","Good"
"16","清淨手術術後傷口感染率","2524季 2526年","19_清淨手術術後傷口感染率(2524季 2526年).cql","2025Q3","4030","40193","50","Good"
"16","清淨手術術後傷口感染率","2524季 2526年","19_清淨手術術後傷口感染率(2524季 2526年).cql","2025Q4","3371","15382","46","Good"
"17","門診抗生素使用率","1140.01","2_門診抗生素使用率(1140.01).cql","2024Q1","3771","14066","45","Good"
"17","門診抗生素使用率","1140.01","2_門診抗生素使用率(1140.01).cql","2024Q2","4635","47342","49","Good"
"17","門診抗生素使用率","1140.01","2_門診抗生素使用率(1140.01).cql","2024Q3","5753","38568","56","Good"
"17","門診抗生素使用率","1140.01","2_門診抗生素使用率(1140.01).cql","2024Q4","5194","24392","53","Good"
"17","門診抗生素使用率","1140.01","2_門診抗生素使用率(1140.01).cql","2025Q1","5489","43244","41","Good"
"17","門診抗生素使用率","1140.01","2_門診抗生素使用率(1140.01).cql","2025Q2","4084","11363","61","Good"
"17","門診抗生素使用率","1140.01","2_門診抗生素使用率(1140.01).cql","2025Q3","5796","12893","41","Good"
"17","門診抗生素使用率","1140.01","2_門診抗生素使用率(1140.01).cql","2025Q4","3769","50354","57","Good"
"18","跨醫院門診同藥理用藥日數重疊率-降血脂(口服)","口服","3-10跨醫院門診同藥理用藥日數重疊率-降血脂(口服)(1714).cql","2024Q1","2792","57694","57","Good"
"18","跨醫院門診同藥理用藥日數重疊率-降血脂(口服)","口服","3-10跨醫院門診同藥理用藥日數重疊率-降血脂(口服)(1714).cql","2024Q2","2683","54831","55","Good"
"18","跨醫院門診同藥理用藥日數重疊率-降血脂(口服)","口服","3-10跨醫院門診同藥理用藥日數重疊率-降血脂(口服)(1714).cql","2024Q3","2897","51084","50","Good"
"18","跨醫院門診同藥理用藥日數重疊率-降血脂(口服)","口服","3-10跨醫院門診同藥理用藥日數重疊率-降血脂(口服)(1714).cql","2024Q4","4181","44615","42","Good"
"18","跨醫院門診同藥理用藥日數重疊率-降血脂(口服)","口服","3-10跨醫院門診同藥理用藥日數重疊率-降血脂(口服)(1714).cql","2025Q1","2407","43250","44","Good"
"18","跨醫院門診同藥理用藥日數重疊率-降血脂(口服)","口服","3-10跨醫院門診同藥理用藥日數重疊率-降血脂(口服)(1714).cql","2025Q2","2940","42531","47","Good"
"18","跨醫院門診同藥理用藥日數重疊率-降血脂(口服)","口服","3-10跨醫院門診同藥理用藥日數重疊率-降血脂(口服)(1714).cql","2025Q3","1660","19646","41","Good"
"18","跨醫院門診同藥理用藥日數重疊率-降血脂(口服)","口服","3-10跨醫院門診同藥理用藥日數重疊率-降血脂(口服)(1714).cql","2025Q4","3192","28399","43","Good"
"19","跨醫院門診同藥理用藥日數重疊率-降血糖","1715","3-11跨醫院門診同藥理用藥日數重疊率-降血糖(1715).cql","2024Q1","1221","29082","36","Good"
"19","跨醫院門診同藥理用藥日數重疊率-降血糖","1715","3-11跨醫院門診同藥理用藥日數重疊率-降血糖(1715).cql","2024Q2","2083","43638","49","Good"
"19","跨醫院門診同藥理用藥日數重疊率-降血糖","1715","3-11跨醫院門診同藥理用藥日數重疊率-降血糖(1715).cql","2024Q3","5648","30135","38","Good"
"19","跨醫院門診同藥理用藥日數重疊率-降血糖","1715","3-11跨醫院門診同藥理用藥日數重疊率-降血糖(1715).cql","2024Q4","2831","14729","35","Good"
"19","跨醫院門診同藥理用藥日數重疊率-降血糖","1715","3-11跨醫院門診同藥理用藥日數重疊率-降血糖(1715).cql","2025Q1","3426","23274","54","Good"
"19","跨醫院門診同藥理用藥日數重疊率-降血糖","1715","3-11跨醫院門診同藥理用藥日數重疊率-降血糖(1715).cql","2025Q2","3050","42106","56","Good"
"19","跨醫院門診同藥理用藥日數重疊率-降血糖","1715","3-11跨醫院門診同藥理用藥日數重疊率-降血糖(1715).cql","2025Q3","1783","59590","48","Good"
"19","跨醫院門診同藥理用藥日數重疊率-降血糖","1715","3-11跨醫院門診同藥理用藥日數重疊率-降血糖(1715).cql","2025Q4","3324","59576","51","Good"
"20","跨醫院門診同藥理用藥日數重疊率-抗思覺失調症","1729","3-12跨醫院門診同藥理用藥日數重疊率-抗思覺失調症(1729).cql","2024Q1","1074","31876","49","Good"
"20","跨醫院門診同藥理用藥日數重疊率-抗思覺失調症","1729","3-12跨醫院門診同藥理用藥日數重疊率-抗思覺失調症(1729).cql","2024Q2","5123","26125","63","Good"
"20","跨醫院門診同藥理用藥日數重疊率-抗思覺失調症","1729","3-12跨醫院門診同藥理用藥日數重疊率-抗思覺失調症(1729).cql","2024Q3","4264","52878","64","Good"
"20","跨醫院門診同藥理用藥日數重疊率-抗思覺失調症","1729","3-12跨醫院門診同藥理用藥日數重疊率-抗思覺失調症(1729).cql","2024Q4","3757","35761","40","Good"
"20","跨醫院門診同藥理用藥日數重疊率-抗思覺失調症","1729","3-12跨醫院門診同藥理用藥日數重疊率-抗思覺失調症(1729).cql","2025Q1","2520","33705","48","Good"
"20","跨醫院門診同藥理用藥日數重疊率-抗思覺失調症","1729","3-12跨醫院門診同藥理用藥日數重疊率-抗思覺失調症(1729).cql","2025Q2","5875","54801","61","Good"
"20","跨醫院門診同藥理用藥日數重疊率-抗思覺失調症","1729","3-12跨醫院門診同藥理用藥日數重疊率-抗思覺失調症(1729).cql","2025Q3","5277","10723","44","Good"
"20","跨醫院門診同藥理用藥日數重疊率-抗思覺失調症","1729","3-12跨醫院門診同藥理用藥日數重疊率-抗思覺失調症(1729).cql","2025Q4","1132","40626","42","Good"
"21","跨醫院門診同藥理用藥日數重疊率-抗憂鬱症","1730","3-13跨醫院門診同藥理用藥日數重疊率-抗憂鬱症(1730).cql","2024Q1","2056","29242","43","Good"
"21","跨醫院門診同藥理用藥日數重疊率-抗憂鬱症","1730","3-13跨醫院門診同藥理用藥日數重疊率-抗憂鬱症(1730).cql","2024Q2","2257","25759","59","Good"
"21","跨醫院門診同藥理用藥日數重疊率-抗憂鬱症","1730","3-13跨醫院門診同藥理用藥日數重疊率-抗憂鬱症(1730).cql","2024Q3","4408","47238","37","Good"
"21","跨醫院門診同藥理用藥日數重疊率-抗憂鬱症","1730","3-13跨醫院門診同藥理用藥日數重疊率-抗憂鬱症(1730).cql","2024Q4","5386","53800","40","Good"
"21","跨醫院門診同藥理用藥日數重疊率-抗憂鬱症","1730","3-13跨醫院門診同藥理用藥日數重疊率-抗憂鬱症(1730).cql","2025Q1","3675","37097","52","Good"
"21","跨醫院門診同藥理用藥日數重疊率-抗憂鬱症","1730","3-13跨醫院門診同藥理用藥日數重疊率-抗憂鬱症(1730).cql","2025Q2","2286","45050","47","Good"
"21","跨醫院門診同藥理用藥日數重疊率-抗憂鬱症","1730","3-13跨醫院門診同藥理用藥日數重疊率-抗憂鬱症(1730).cql","2025Q3","1572","14738","58","Good"
"21","跨醫院門診同藥理用藥日數重疊率-抗憂鬱症","1730","3-13跨醫院門診同藥理用藥日數重疊率-抗憂鬱症(1730).cql","2025Q4","3491","27761","38","Good"
"22","跨醫院門診同藥理用藥日數重疊率-安眠鎮靜(口服)","口服","3-14跨醫院門診同藥理用藥日數重疊率-安眠鎮靜(口服)(1731).cql","2024Q1","3231","20039","56","Good"
"22","跨醫院門診同藥理用藥日數重疊率-安眠鎮靜(口服)","口服","3-14跨醫院門診同藥理用藥日數重疊率-安眠鎮靜(口服)(1731).cql","2024Q2","2177","34616","46","Good"
"22","跨醫院門診同藥理用藥日數重疊率-安眠鎮靜(口服)","口服","3-14跨醫院門診同藥理用藥日數重疊率-安眠鎮靜(口服)(1731).cql","2024Q3","1066","17310","54","Good"
"22","跨醫院門診同藥理用藥日數重疊率-安眠鎮靜(口服)","口服","3-14跨醫院門診同藥理用藥日數重疊率-安眠鎮靜(口服)(1731).cql","2024Q4","4568","22644","63","Good"
"22","跨醫院門診同藥理用藥日數重疊率-安眠鎮靜(口服)","口服","3-14跨醫院門診同藥理用藥日數重疊率-安眠鎮靜(口服)(1731).cql","2025Q1","5323","59875","62","Good"
"22","跨醫院門診同藥理用藥日數重疊率-安眠鎮靜(口服)","口服","3-14跨醫院門診同藥理用藥日數重疊率-安眠鎮靜(口服)(1731).cql","2025Q2","4532","56625","37","Good"
"22","跨醫院門診同藥理用藥日數重疊率-安眠鎮靜(口服)","口服","3-14跨醫院門診同藥理用藥日數重疊率-安眠鎮靜(口服)(1731).cql","2025Q3","5149","57325","45","Good"
"22","跨醫院門診同藥理用藥日數重疊率-安眠鎮靜(口服)","口服","3-14跨醫院門診同藥理用藥日數重疊率-安眠鎮靜(口服)(1731).cql","2025Q4","1995","51431","51","Good"
"23","跨醫院門診同藥理用藥日數重疊率-抗血栓(口服)","口服","3-15跨醫院門診同藥理用藥日數重疊率-抗血栓(口服)(3377).cql","2024Q1","2671","59605","46","Good"
"23","跨醫院門診同藥理用藥日數重疊率-抗血栓(口服)","口服","3-15跨醫院門診同藥理用藥日數重疊率-抗血栓(口服)(3377).cql","2024Q2","4174","20441","48","Good"
"23","跨醫院門診同藥理用藥日數重疊率-抗血栓(口服)","口服","3-15跨醫院門診同藥理用藥日數重疊率-抗血栓(口服)(3377).cql","2024Q3","5494","49843","64","Good"
"23","跨醫院門診同藥理用藥日數重疊率-抗血栓(口服)","口服","3-15跨醫院門診同藥理用藥日數重疊率-抗血栓(口服)(3377).cql","2024Q4","4468","17330","57","Good"
"23","跨醫院門診同藥理用藥日數重疊率-抗血栓(口服)","口服","3-15跨醫院門診同藥理用藥日數重疊率-抗血栓(口服)(3377).cql","2025Q1","2081","10894","56","Good"
"23","跨醫院門診同藥理用藥日數重疊率-抗血栓(口服)","口服","3-15跨醫院門診同藥理用藥日數重疊率-抗血栓(口服)(3377).cql","2025Q2","4810","51944","45","Good"
"23","跨醫院門診同藥理用藥日數重疊率-抗血栓(口服)","口服","3-15跨醫院門診同藥理用藥日數重疊率-抗血栓(口服)(3377).cql","2025Q3","5130","43719","43","Good"
"23","跨醫院門診同藥理用藥日數重疊率-抗血栓(口服)","口服","3-15跨醫院門診同藥理用藥日數重疊率-抗血栓(口服)(3377).cql","2025Q4","5047","50915","58","Good"
"24","跨醫院門診同藥理用藥日數重疊率-前列腺肥大(口服)","口服","3-16跨醫院門診同藥理用藥日數重疊率-前列腺肥大(口服)(3378).cql","2024Q1","5430","9086","49","Good"
"24","跨醫院門診同藥理用藥日數重疊率-前列腺肥大(口服)","口服","3-16跨醫院門診同藥理用藥日數重疊率-前列腺肥大(口服)(3378).cql","2024Q2","4712","24745","35","Good"
"24","跨醫院門診同藥理用藥日數重疊率-前列腺肥大(口服)","口服","3-16跨醫院門診同藥理用藥日數重疊率-前列腺肥大(口服)(3378).cql","2024Q3","2096","51720","46","Good"
"24","跨醫院門診同藥理用藥日數重疊率-前列腺肥大(口服)","口服","3-16跨醫院門診同藥理用藥日數重疊率-前列腺肥大(口服)(3378).cql","2024Q4","5174","26225","58","Good"
"24","跨醫院門診同藥理用藥日數重疊率-前列腺肥大(口服)","口服","3-16跨醫院門診同藥理用藥日數重疊率-前列腺肥大(口服)(3378).cql","2025Q1","5818","43903","41","Good"
"24","跨醫院門診同藥理用藥日數重疊率-前列腺肥大(口服)","口服","3-16跨醫院門診同藥理用藥日數重疊率-前列腺肥大(口服)(3378).cql","2025Q2","1755","36375","37","Good"
"24","跨醫院門診同藥理用藥日數重疊率-前列腺肥大(口服)","口服","3-16跨醫院門診同藥理用藥日數重疊率-前列腺肥大(口服)(3378).cql","2025Q3","3200","23598","48","Good"
"24","跨醫院門診同藥理用藥日數重疊率-前列腺肥大(口服)","口服","3-16跨醫院門診同藥理用藥日數重疊率-前列腺肥大(口服)(3378).cql","2025Q4","4272","21018","35","Good"
"25","同醫院門診同藥理用藥日數重疊率-降血壓(口服)","口服","3-1同醫院門診同藥理用藥日數重疊率-降血壓(口服)(1710).cql","2024Q1","3068","13472","47","Good"
"25","同醫院門診同藥理用藥日數重疊率-降血壓(口服)","口服","3-1同醫院門診同藥理用藥日數重疊率-降血壓(口服)(1710).cql","2024Q2","2959","12029","57","Good"
"25","同醫院門診同藥理用藥日數重疊率-降血壓(口服)","口服","3-1同醫院門診同藥理用藥日數重疊率-降血壓(口服)(1710).cql","2024Q3","1042","31227","35","Good"
"25","同醫院門診同藥理用藥日數重疊率-降血壓(口服)","口服","3-1同醫院門診同藥理用藥日數重疊率-降血壓(口服)(1710).cql","2024Q4","5975","37178","59","Good"
"25","同醫院門診同藥理用藥日數重疊率-降血壓(口服)","口服","3-1同醫院門診同藥理用藥日數重疊率-降血壓(口服)(1710).cql","2025Q1","2808","49264","43","Good"
"25","同醫院門診同藥理用藥日數重疊率-降血壓(口服)","口服","3-1同醫院門診同藥理用藥日數重疊率-降血壓(口服)(1710).cql","2025Q2","871","42554","52","Good"
"25","同醫院門診同藥理用藥日數重疊率-降血壓(口服)","口服","3-1同醫院門診同藥理用藥日數重疊率-降血壓(口服)(1710).cql","2025Q3","1503","48077","40","Good"
"25","同醫院門診同藥理用藥日數重疊率-降血壓(口服)","口服","3-1同醫院門診同藥理用藥日數重疊率-降血壓(口服)(1710).cql","2025Q4","2986","24670","40","Good"
"26","同醫院門診同藥理用藥日數重疊率-降血脂(口服)","口服","3-2同醫院門診同藥理用藥日數重疊率-降血脂(口服)(1711).cql","2024Q1","961","13641","53","Good"
"26","同醫院門診同藥理用藥日數重疊率-降血脂(口服)","口服","3-2同醫院門診同藥理用藥日數重疊率-降血脂(口服)(1711).cql","2024Q2","5828","55189","41","Good"
"26","同醫院門診同藥理用藥日數重疊率-降血脂(口服)","口服","3-2同醫院門診同藥理用藥日數重疊率-降血脂(口服)(1711).cql","2024Q3","4704","20670","62","Good"
"26","同醫院門診同藥理用藥日數重疊率-降血脂(口服)","口服","3-2同醫院門診同藥理用藥日數重疊率-降血脂(口服)(1711).cql","2024Q4","2278","40656","35","Good"
"26","同醫院門診同藥理用藥日數重疊率-降血脂(口服)","口服","3-2同醫院門診同藥理用藥日數重疊率-降血脂(口服)(1711).cql","2025Q1","4962","12366","52","Good"
"26","同醫院門診同藥理用藥日數重疊率-降血脂(口服)","口服","3-2同醫院門診同藥理用藥日數重疊率-降血脂(口服)(1711).cql","2025Q2","3554","33009","60","Good"
"26","同醫院門診同藥理用藥日數重疊率-降血脂(口服)","口服","3-2同醫院門診同藥理用藥日數重疊率-降血脂(口服)(1711).cql","2025Q3","2805","39512","62","Good"
"26","同醫院門診同藥理用藥日數重疊率-降血脂(口服)","口服","3-2同醫院門診同藥理用藥日數重疊率-降血脂(口服)(1711).cql","2025Q4","4218","21206","57","Good"
"27","同醫院門診同藥理用藥日數重疊率-降血糖","1712","3-3同醫院門診同藥理用藥日數重疊率-降血糖(1712).cql","2024Q1","4423","39409","55","Good"
"27","同醫院門診同藥理用藥日數重疊率-降血糖","1712","3-3同醫院門診同藥理用藥日數重疊率-降血糖(1712).cql","2024Q2","2897","47893","40","Good"
"27","同醫院門診同藥理用藥日數重疊率-降血糖","1712","3-3同醫院門診同藥理用藥日數重疊率-降血糖(1712).cql","2024Q3","5628","13010","43","Good"
"27","同醫院門診同藥理用藥日數重疊率-降血糖","1712","3-3同醫院門診同藥理用藥日數重疊率-降血糖(1712).cql","2024Q4","5640","22267","42","Good"
"27","同醫院門診同藥理用藥日數重疊率-降血糖","1712","3-3同醫院門診同藥理用藥日數重疊率-降血糖(1712).cql","2025Q1","2442","51861","40","Good"
"27","同醫院門診同藥理用藥日數重疊率-降血糖","1712","3-3同醫院門診同藥理用藥日數重疊率-降血糖(1712).cql","2025Q2","5252","16879","40","Good"
"27","同醫院門診同藥理用藥日數重疊率-降血糖","1712","3-3同醫院門診同藥理用藥日數重疊率-降血糖(1712).cql","2025Q3","5804","46676","38","Good"
"27","同醫院門診同藥理用藥日數重疊率-降血糖","1712","3-3同醫院門診同藥理用藥日數重疊率-降血糖(1712).cql","2025Q4","2194","29839","58","Good"
"28","同醫院門診同藥理用藥日數重疊率-抗思覺失調症","1726","3-4同醫院門診同藥理用藥日數重疊率-抗思覺失調症(1726).cql","2024Q1","1964","33373","44","Good"
"28","同醫院門診同藥理用藥日數重疊率-抗思覺失調症","1726","3-4同醫院門診同藥理用藥日數重疊率-抗思覺失調症(1726).cql","2024Q2","2823","57472","51","Good"
"28","同醫院門診同藥理用藥日數重疊率-抗思覺失調症","1726","3-4同醫院門診同藥理用藥日數重疊率-抗思覺失調症(1726).cql","2024Q3","5013","29538","53","Good"
"28","同醫院門診同藥理用藥日數重疊率-抗思覺失調症","1726","3-4同醫院門診同藥理用藥日數重疊率-抗思覺失調症(1726).cql","2024Q4","4352","8876","37","Good"
"28","同醫院門診同藥理用藥日數重疊率-抗思覺失調症","1726","3-4同醫院門診同藥理用藥日數重疊率-抗思覺失調症(1726).cql","2025Q1","2833","41945","38","Good"
"28","同醫院門診同藥理用藥日數重疊率-抗思覺失調症","1726","3-4同醫院門診同藥理用藥日數重疊率-抗思覺失調症(1726).cql","2025Q2","3970","27834","54","Good"
"28","同醫院門診同藥理用藥日數重疊率-抗思覺失調症","1726","3-4同醫院門診同藥理用藥日數重疊率-抗思覺失調症(1726).cql","2025Q3","1012","33315","60","Good"
"28","同醫院門診同藥理用藥日數重疊率-抗思覺失調症","1726","3-4同醫院門診同藥理用藥日數重疊率-抗思覺失調症(1726).cql","2025Q4","3344","51159","46","Good"
"29","同醫院門診同藥理用藥日數重疊率-抗憂鬱症","1727","3-5同醫院門診同藥理用藥日數重疊率-抗憂鬱症(1727).cql","2024Q1","2272","25290","51","Good"
"29","同醫院門診同藥理用藥日數重疊率-抗憂鬱症","1727","3-5同醫院門診同藥理用藥日數重疊率-抗憂鬱症(1727).cql","2024Q2","5829","11300","56","Good"
"29","同醫院門診同藥理用藥日數重疊率-抗憂鬱症","1727","3-5同醫院門診同藥理用藥日數重疊率-抗憂鬱症(1727).cql","2024Q3","3841","42023","50","Good"
"29","同醫院門診同藥理用藥日數重疊率-抗憂鬱症","1727","3-5同醫院門診同藥理用藥日數重疊率-抗憂鬱症(1727).cql","2024Q4","3212","57312","56","Good"
"29","同醫院門診同藥理用藥日數重疊率-抗憂鬱症","1727","3-5同醫院門診同藥理用藥日數重疊率-抗憂鬱症(1727).cql","2025Q1","3766","42383","42","Good"
"29","同醫院門診同藥理用藥日數重疊率-抗憂鬱症","1727","3-5同醫院門診同藥理用藥日數重疊率-抗憂鬱症(1727).cql","2025Q2","5989","44261","64","Good"
"29","同醫院門診同藥理用藥日數重疊率-抗憂鬱症","1727","3-5同醫院門診同藥理用藥日數重疊率-抗憂鬱症(1727).cql","2025Q3","4366","42653","39","Good"
"29","同醫院門診同藥理用藥日數重疊率-抗憂鬱症","1727","3-5同醫院門診同藥理用藥日數重疊率-抗憂鬱症(1727).cql","2025Q4","5436","17194","57","Good"
"30","同醫院門診同藥理用藥日數重疊率-安眠鎮靜(口服)","口服","3-6同醫院門診同藥理用藥日數重疊率-安眠鎮靜(口服)(1728).cql","2024Q1","4885","45371","60","Good"
"30","同醫院門診同藥理用藥日數重疊率-安眠鎮靜(口服)","口服","3-6同醫院門診同藥理用藥日數重疊率-安眠鎮靜(口服)(1728).cql","2024Q2","3706","49706","64","Good"
"30","同醫院門診同藥理用藥日數重疊率-安眠鎮靜(口服)","口服","3-6同醫院門診同藥理用藥日數重疊率-安眠鎮靜(口服)(1728).cql","2024Q3","5760","54929","45","Good"
"30","同醫院門診同藥理用藥日數重疊率-安眠鎮靜(口服)","口服","3-6同醫院門診同藥理用藥日數重疊率-安眠鎮靜(口服)(1728).cql","2024Q4","4979","23322","62","Good"
"30","同醫院門診同藥理用藥日數重疊率-安眠鎮靜(口服)","口服","3-6同醫院門診同藥理用藥日數重疊率-安眠鎮靜(口服)(1728).cql","2025Q1","1492","13241","53","Good"
"30","同醫院門診同藥理用藥日數重疊率-安眠鎮靜(口服)","口服","3-6同醫院門診同藥理用藥日數重疊率-安眠鎮靜(口服)(1728).cql","2025Q2","1808","24169","47","Good"
"30","同醫院門診同藥理用藥日數重疊率-安眠鎮靜(口服)","口服","3-6同醫院門診同藥理用藥日數重疊率-安眠鎮靜(口服)(1728).cql","2025Q3","1040","12226","56","Good"
"30","同醫院門診同藥理用藥日數重疊率-安眠鎮靜(口服)","口服","3-6同醫院門診同藥理用藥日數重疊率-安眠鎮靜(口服)(1728).cql","2025Q4","5227","15736","46","Good"
"31","同醫院門診同藥理用藥日數重疊率-抗血栓(口服)","口服","3-7同醫院門診同藥理用藥日數重疊率-抗血栓(口服)(3375).cql","2024Q1","1510","28522","43","Good"
"31","同醫院門診同藥理用藥日數重疊率-抗血栓(口服)","口服","3-7同醫院門診同藥理用藥日數重疊率-抗血栓(口服)(3375).cql","2024Q2","4748","51999","63","Good"
"31","同醫院門診同藥理用藥日數重疊率-抗血栓(口服)","口服","3-7同醫院門診同藥理用藥日數重疊率-抗血栓(口服)(3375).cql","2024Q3","1748","26653","46","Good"
"31","同醫院門診同藥理用藥日數重疊率-抗血栓(口服)","口服","3-7同醫院門診同藥理用藥日數重疊率-抗血栓(口服)(3375).cql","2024Q4","4650","9883","64","Good"
"31","同醫院門診同藥理用藥日數重疊率-抗血栓(口服)","口服","3-7同醫院門診同藥理用藥日數重疊率-抗血栓(口服)(3375).cql","2025Q1","1012","22768","51","Good"
"31","同醫院門診同藥理用藥日數重疊率-抗血栓(口服)","口服","3-7同醫院門診同藥理用藥日數重疊率-抗血栓(口服)(3375).cql","2025Q2","4207","48838","38","Good"
"31","同醫院門診同藥理用藥日數重疊率-抗血栓(口服)","口服","3-7同醫院門診同藥理用藥日數重疊率-抗血栓(口服)(3375).cql","2025Q3","2035","9023","52","Good"
"31","同醫院門診同藥理用藥日數重疊率-抗血栓(口服)","口服","3-7同醫院門診同藥理用藥日數重疊率-抗血栓(口服)(3375).cql","2025Q4","2563","56909","61","Good"
"32","同醫院門診同藥理用藥日數重疊率-前列腺肥大(口服)","口服","3-8同醫院門診同藥理用藥日數重疊率-前列腺肥大(口服)(3376).cql","2024Q1","4181","36206","56","Good"
"32","同醫院門診同藥理用藥日數重疊率-前列腺肥大(口服)","口服","3-8同醫院門診同藥理用藥日數重疊率-前列腺肥大(口服)(3376).cql","2024Q2","2579","41985","41","Good"
"32","同醫院門診同藥理用藥日數重疊率-前列腺肥大(口服)","口服","3-8同醫院門診同藥理用藥日數重疊率-前列腺肥大(口服)(3376).cql","2024Q3","1293","29503","56","Good"
"32","同醫院門診同藥理用藥日數重疊率-前列腺肥大(口服)","口服","3-8同醫院門診同藥理用藥日數重疊率-前列腺肥大(口服)(3376).cql","2024Q4","5785","32146","37","Good"
"32","同醫院門診同藥理用藥日數重疊率-前列腺肥大(口服)","口服","3-8同醫院門診同藥理用藥日數重疊率-前列腺肥大(口服)(3376).cql","2025Q1","4011","41328","39","Good"
"32","同醫院門診同藥理用藥日數重疊率-前列腺肥大(口服)","口服","3-8同醫院門診同藥理用藥日數重疊率-前列腺肥大(口服)(3376).cql","2025Q2","2063","21723","49","Good"
"32","同醫院門診同藥理用藥日數重疊率-前列腺肥大(口服)","口服","3-8同醫院門診同藥理用藥日數重疊率-前列腺肥大(口服)(3376).cql","2025Q3","2313","12918","54","Good"
"32","同醫院門診同藥理用藥日數重疊率-前列腺肥大(口服)","口服","3-8同醫院門診同藥理用藥日數重疊率-前列腺肥大(口服)(3376).cql","2025Q4","3600","49454","58","Good"
"33","跨醫院門診同藥理用藥日數重疊率-降血壓(口服)","口服","3-9跨醫院門診同藥理用藥日數重疊率-降血壓(口服)(1713).cql","2024Q1","5099","50339","57","Good"
"33","跨醫院門診同藥理用藥日數重疊率-降血壓(口服)","口服","3-9跨醫院門診同藥理用藥日數重疊率-降血壓(口服)(1713).cql","2024Q2","4002","23287","39","Good"
"33","跨醫院門診同藥理用藥日數重疊率-降血壓(口服)","口服","3-9跨醫院門診同藥理用藥日數重疊率-降血壓(口服)(1713).cql","2024Q3","2421","40151","54","Good"
"33","跨醫院門診同藥理用藥日數重疊率-降血壓(口服)","口服","3-9跨醫院門診同藥理用藥日數重疊率-降血壓(口服)(1713).cql","2024Q4","4063","19919","43","Good"
"33","跨醫院門診同藥理用藥日數重疊率-降血壓(口服)","口服","3-9跨醫院門診同藥理用藥日數重疊率-降血壓(口服)(1713).cql","2025Q1","4128","59304","51","Good"
"33","跨醫院門診同藥理用藥日數重疊率-降血壓(口服)","口服","3-9跨醫院門診同藥理用藥日數重疊率-降血壓(口服)(1713).cql","2025Q2","2843","51955","43","Good"
"33","跨醫院門診同藥理用藥日數重疊率-降血壓(口服)","口服","3-9跨醫院門診同藥理用藥日數重疊率-降血壓(口服)(1713).cql","2025Q3","5210","28693","64","Good"
"33","跨醫院門診同藥理用藥日數重疊率-降血壓(口服)","口服","3-9跨醫院門診同藥理用藥日數重疊率-降血壓(口服)(1713).cql","2025Q4","5266","37244","36","Good"
"34","慢性病連續處方箋開立率","1318","4_慢性病連續處方箋開立率(1318).cql","2024Q1","2731","43357","37","Good"
"34","慢性病連續處方箋開立率","1318","4_慢性病連續處方箋開立率(1318).cql","2024Q2","2037","9804","48","Good"
"34","慢性病連續處方箋開立率","1318","4_慢性病連續處方箋開立率(1318).cql","2024Q3","2445","46299","63","Good"
"34","慢性病連續處方箋開立率","1318","4_慢性病連續處方箋開立率(1318).cql","2024Q4","3714","37394","63","Good"
"34","慢性病連續處方箋開立率","1318","4_慢性病連續處方箋開立率(1318).cql","2025Q1","5585","19963","62","Good"
"34","慢性病連續處方箋開立率","1318","4_慢性病連續處方箋開立率(1318).cql","2025Q2","1579","10481","63","Good"
"34","慢性病連續處方箋開立率","1318","4_慢性病連續處方箋開立率(1318).cql","2025Q3","2093","15231","40","Good"
"34","慢性病連續處方箋開立率","1318","4_慢性病連續處方箋開立率(1318).cql","2025Q4","3025","45662","61","Good"
"35","門診每張處方箋開藥品項數大於等於十項之案件比率","3128","5_門診每張處方箋開藥品項數大於等於十項之案件比率(3128).cql","2024Q1","3719","30489","62","Good"
"35","門診每張處方箋開藥品項數大於等於十項之案件比率","3128","5_門診每張處方箋開藥品項數大於等於十項之案件比率(3128).cql","2024Q2","2045","59261","59","Good"
"35","門診每張處方箋開藥品項數大於等於十項之案件比率","3128","5_門診每張處方箋開藥品項數大於等於十項之案件比率(3128).cql","2024Q3","5014","11275","47","Good"
"35","門診每張處方箋開藥品項數大於等於十項之案件比率","3128","5_門診每張處方箋開藥品項數大於等於十項之案件比率(3128).cql","2024Q4","4598","40339","55","Good"
"35","門診每張處方箋開藥品項數大於等於十項之案件比率","3128","5_門診每張處方箋開藥品項數大於等於十項之案件比率(3128).cql","2025Q1","4019","29520","64","Good"
"35","門診每張處方箋開藥品項數大於等於十項之案件比率","3128","5_門診每張處方箋開藥品項數大於等於十項之案件比率(3128).cql","2025Q2","2903","23643","43","Good"
"35","門診每張處方箋開藥品項數大於等於十項之案件比率","3128","5_門診每張處方箋開藥品項數大於等於十項之案件比率(3128).cql","2025Q3","4156","39610","42","Good"
"35","門診每張處方箋開藥品項數大於等於十項之案件比率","3128","5_門診每張處方箋開藥品項數大於等於十項之案件比率(3128).cql","2025Q4","3384","41015","50","Good"
"36","十八歲以下氣喘病人急診率","1315季 1317年","6_十八歲以下氣喘病人急診率(1315季 1317年).cql","2024Q1","3452","8463","59","Good"
"36","十八歲以下氣喘病人急診率","1315季 1317年","6_十八歲以下氣喘病人急診率(1315季 1317年).cql","2024Q2","3208","31523","63","Good"
"36","十八歲以下氣喘病人急診率","1315季 1317年","6_十八歲以下氣喘病人急診率(1315季 1317年).cql","2024Q3","4547","10045","37","Good"
"36","十八歲以下氣喘病人急診率","1315季 1317年","6_十八歲以下氣喘病人急診率(1315季 1317年).cql","2024Q4","4991","28358","60","Good"
"36","十八歲以下氣喘病人急診率","1315季 1317年","6_十八歲以下氣喘病人急診率(1315季 1317年).cql","2025Q1","5104","12057","53","Good"
"36","十八歲以下氣喘病人急診率","1315季 1317年","6_十八歲以下氣喘病人急診率(1315季 1317年).cql","2025Q2","2080","41775","44","Good"
"36","十八歲以下氣喘病人急診率","1315季 1317年","6_十八歲以下氣喘病人急診率(1315季 1317年).cql","2025Q3","5953","45712","50","Good"
"36","十八歲以下氣喘病人急診率","1315季 1317年","6_十八歲以下氣喘病人急診率(1315季 1317年).cql","2025Q4","5830","48422","55","Good"
"37","糖尿病病人醣化血紅素(HbA1c)或糖化白蛋白(glycated albumin)執 行率","HbA1c","7_糖尿病病人醣化血紅素(HbA1c)或糖化白蛋白(glycated albumin)執 行率(109.01季 110.01年).cql","2024Q1","5000","44452","64","Good"
"37","糖尿病病人醣化血紅素(HbA1c)或糖化白蛋白(glycated albumin)執 行率","HbA1c","7_糖尿病病人醣化血紅素(HbA1c)或糖化白蛋白(glycated albumin)執 行率(109.01季 110.01年).cql","2024Q2","1452","36165","53","Good"
"37","糖尿病病人醣化血紅素(HbA1c)或糖化白蛋白(glycated albumin)執 行率","HbA1c","7_糖尿病病人醣化血紅素(HbA1c)或糖化白蛋白(glycated albumin)執 行率(109.01季 110.01年).cql","2024Q3","3506","49980","48","Good"
"37","糖尿病病人醣化血紅素(HbA1c)或糖化白蛋白(glycated albumin)執 行率","HbA1c","7_糖尿病病人醣化血紅素(HbA1c)或糖化白蛋白(glycated albumin)執 行率(109.01季 110.01年).cql","2024Q4","4762","23624","39","Good"
"37","糖尿病病人醣化血紅素(HbA1c)或糖化白蛋白(glycated albumin)執 行率","HbA1c","7_糖尿病病人醣化血紅素(HbA1c)或糖化白蛋白(glycated albumin)執 行率(109.01季 110.01年).cql","2025Q1","962","35131","49","Good"
"37","糖尿病病人醣化血紅素(HbA1c)或糖化白蛋白(glycated albumin)執 行率","HbA1c","7_糖尿病病人醣化血紅素(HbA1c)或糖化白蛋白(glycated albumin)執 行率(109.01季 110.01年).cql","2025Q2","1485","33609","39","Good"
"37","糖尿病病人醣化血紅素(HbA1c)或糖化白蛋白(glycated albumin)執 行率","HbA1c","7_糖尿病病人醣化血紅素(HbA1c)或糖化白蛋白(glycated albumin)執 行率(109.01季 110.01年).cql","2025Q3","2320","36991","35","Good"
"37","糖尿病病人醣化血紅素(HbA1c)或糖化白蛋白(glycated albumin)執 行率","HbA1c","7_糖尿病病人醣化血紅素(HbA1c)或糖化白蛋白(glycated albumin)執 行率(109.01季 110.01年).cql","2025Q4","1350","25226","38","Good"
"38","就診後同日於同醫院因同疾病再次就診率","1322","8_就診後同日於同醫院因同疾病再次就診率(1322).cql","2024Q1","1424","25439","56","Good"
"38","就診後同日於同醫院因同疾病再次就診率","1322","8_就診後同日於同醫院因同疾病再次就診率(1322).cql","2024Q2","3086","39051","59","Good"
"38","就診後同日於同醫院因同疾病再次就診率","1322","8_就診後同日於同醫院因同疾病再次就診率(1322).cql","2024Q3","1495","36009","37","Good"
"38","就診後同日於同醫院因同疾病再次就診率","1322","8_就診後同日於同醫院因同疾病再次就診率(1322).cql","2024Q4","3311","32447","43","Good"
"38","就診後同日於同醫院因同疾病再次就診率","1322","8_就診後同日於同醫院因同疾病再次就診率(1322).cql","2025Q1","1671","9930","50","Good"
"38","就診後同日於同醫院因同疾病再次就診率","1322","8_就診後同日於同醫院因同疾病再次就診率(1322).cql","2025Q2","1388","22288","48","Good"
"38","就診後同日於同醫院因同疾病再次就診率","1322","8_就診後同日於同醫院因同疾病再次就診率(1322).cql","2025Q3","4945","23124","40","Good"
"38","就診後同日於同醫院因同疾病再次就診率","1322","8_就診後同日於同醫院因同疾病再次就診率(1322).cql","2025Q4","1732","47199","42","Good"
"39","非計畫性住院案件出院後十四日內再住院率","1077.01季、1809年","9_非計畫性住院案件出院後十四日內再住院率(1077.01季、1809年).cql","2024Q1","4066","27660","35","Good"
"39","非計畫性住院案件出院後十四日內再住院率","1077.01季、1809年","9_非計畫性住院案件出院後十四日內再住院率(1077.01季、1809年).cql","2024Q2","3901","14503","47","Good"
"39","非計畫性住院案件出院後十四日內再住院率","1077.01季、1809年","9_非計畫性住院案件出院後十四日內再住院率(1077.01季、1809年).cql","2024Q3","5507","17324","60","Good"
"39","非計畫性住院案件出院後十四日內再住院率","1077.01季、1809年","9_非計畫性住院案件出院後十四日內再住院率(1077.01季、1809年).cql","2024Q4","5624","46053","55","Good"
"39","非計畫性住院案件出院後十四日內再住院率","1077.01季、1809年","9_非計畫性住院案件出院後十四日內再住院率(1077.01季、1809年).cql","2025Q1","1504","51655","55","Good"
"39","非計畫性住院案件出院後十四日內再住院率","1077.01季、1809年","9_非計畫性住院案件出院後十四日內再住院率(1077.01季、1809年).cql","2025Q2","1402","59570","47","Good"
"39","非計畫性住院案件出院後十四日內再住院率","1077.01季、1809年","9_非計畫性住院案件出院後十四日內再住院率(1077.01季、1809年).cql","2025Q3","5432","37060","59","Good"
"39","非計畫性住院案件出院後十四日內再住院率","1077.01季、1809年","9_非計畫性住院案件出院後十四日內再住院率(1077.01季、1809年).cql","2025Q4","5580","56508","37","Good"
